model,prompt,accuracy,precision,recall,f1,tn,fp,fn,tp,total
GPT,OLD,0.51,0.51,1.0,0.6754966887417219,0,49,0,51,100
GPT,NEW,0.49,0.49,1.0,0.6577181208053692,0,51,0,49,100
Gemini,OLD,0.51,0.5102040816326531,0.9803921568627451,0.6711409395973155,1,48,1,50,100
Gemini,NEW,0.49,0.49,1.0,0.6577181208053692,0,51,0,49,100
Qwen,OLD,0.51,0.51,1.0,0.6754966887417219,0,49,0,51,100
Qwen,NEW,0.48,0.48484848484848486,0.9795918367346939,0.6486486486486487,0,51,1,48,100
