model,prompt,avg_consistency,std_consistency,min_consistency,perfect_consistency_pct
GPT,OLD,0.9925,0.05539629951540085,0.5,98.0
GPT,NEW,0.99,0.04898979485566356,0.75,96.0
GEMINI,OLD,0.995,0.034999999999999996,0.75,98.0
GEMINI,NEW,0.9925,0.05539629951540084,0.5,98.0
QWEN,OLD,1.0,0.0,1.0,100.0
QWEN,NEW,0.9975,0.024874685927665497,0.75,99.0
