model,accuracy,precision,recall,f1_score,avg_consistency,median_consistency,total_samples
gpt,0.49,0.49,1.0,0.6577181208053692,0.99,1.0,100
gemini,0.5,0.494949494949495,1.0,0.6621621621621622,0.9925,1.0,100
qwen,0.48,0.48484848484848486,0.9795918367346939,0.6486486486486487,0.9975,1.0,100
